,cantidad,precio_final,importe
cantidad,1.0,-0.07448337679011152,0.5997233875219228
precio_final,-0.07448337679011152,1.0,0.6792979091934259
importe,0.5997233875219228,0.6792979091934259,1.0
