,cantidad,importe
cantidad,1.0,0.5997233875219228
importe,0.5997233875219228,1.0
